[{"path": "static/Videos/Classical Training.mp4", "name": "Training in Classical with the Kids", "year": 2024, "duration": 48.59}, {"path": "static/Videos/Classical Singing 2.mp4", "name": "Classical Practice 2", "year": 2023, "duration": 223.96}, {"path": "static/Videos/Singing Classes.mp4", "name": "Durga Puja Music Reharsal with Alaap", "year": 2022, "duration": 80.81}, {"path": "static/Videos/Singing Songs with Children.mp4", "name": "Singing with the Lil' ones", "year": 2024, "duration": 120.94}]